<?xml version="1.0" encoding="UTF-8"?>
<GenRun Id="impl_1" LaunchPart="xc7a100tcsg324-1" LaunchTime="1647790369">
  <File Type="ROUTE-PWR" Name="fls_power_routed.rpt"/>
  <File Type="PA-TCL" Name="fls.tcl"/>
  <File Type="ROUTE-PWR-SUM" Name="fls_power_summary_routed.pb"/>
  <File Type="REPORTS-TCL" Name="fls_reports.tcl"/>
  <File Type="BITSTR-MSK" Name="fls.msk"/>
  <File Type="ROUTE-CLK" Name="fls_clock_utilization_routed.rpt"/>
  <File Type="RDI-RDI" Name="fls.vdi"/>
  <File Type="BG-BIT" Name="fls.bit"/>
  <File Type="BG-DRC" Name="fls.drc"/>
  <File Type="BG-BGN" Name="fls.bgn"/>
  <File Type="BG-BIN" Name="fls.bin"/>
  <File Type="BITSTR-RBT" Name="fls.rbt"/>
  <File Type="BITSTR-NKY" Name="fls.nky"/>
  <File Type="BITSTR-BMM" Name="fls_bd.bmm"/>
  <File Type="ROUTE-METHODOLOGY-DRC" Name="fls_methodology_drc_routed.rpt"/>
  <File Type="BITSTR-MMI" Name="fls.mmi"/>
  <File Type="ROUTE-METHODOLOGY-DRC-PB" Name="fls_methodology_drc_routed.pb"/>
  <File Type="BITSTR-SYSDEF" Name="fls.sysdef"/>
  <File Type="ROUTE-DRC-RPX" Name="fls_drc_routed.rpx"/>
  <File Type="BITSTR-LTX" Name="debug_nets.ltx"/>
  <File Type="BITSTR-LTX" Name="fls.ltx"/>
  <File Type="RCFI_FILE" Name="fls.rcfi"/>
  <File Type="WBT-USG" Name="usage_statistics_webtalk.html"/>
  <File Type="OPT-DRC" Name="fls_drc_opted.rpt"/>
  <File Type="OPT-HWDEF" Name="fls.hwdef"/>
  <File Type="PLACE-IO" Name="fls_io_placed.rpt"/>
  <File Type="PLACE-UTIL" Name="fls_utilization_placed.rpt"/>
  <File Type="PLACE-UTIL-PB" Name="fls_utilization_placed.pb"/>
  <File Type="PLACE-CTRL" Name="fls_control_sets_placed.rpt"/>
  <File Type="PLACE-PRE-SIMILARITY" Name="fls_incremental_reuse_pre_placed.rpt"/>
  <File Type="ROUTE-DRC" Name="fls_drc_routed.rpt"/>
  <File Type="ROUTE-DRC-PB" Name="fls_drc_routed.pb"/>
  <File Type="ROUTE-PWR-RPX" Name="fls_power_routed.rpx"/>
  <File Type="ROUTE-STATUS" Name="fls_route_status.rpt"/>
  <File Type="ROUTE-STATUS-PB" Name="fls_route_status.pb"/>
  <File Type="ROUTE-DCP" Name="fls_routed.dcp"/>
  <File Type="ROUTE-ERROR-DCP" Name="fls_routed_error.dcp"/>
  <File Type="ROUTE-BLACKBOX-DCP" Name="fls_routed_bb.dcp"/>
  <File Type="ROUTE-TIMINGSUMMARY" Name="fls_timing_summary_routed.rpt"/>
  <File Type="ROUTE-TIMING-PB" Name="fls_timing_summary_routed.pb"/>
  <File Type="ROUTE-TIMING-RPX" Name="fls_timing_summary_routed.rpx"/>
  <File Type="ROUTE-BUS-SKEW" Name="fls_bus_skew_routed.rpt"/>
  <File Type="ROUTE-BUS-SKEW-PB" Name="fls_bus_skew_routed.pb"/>
  <File Type="ROUTE-BUS-SKEW-RPX" Name="fls_bus_skew_routed.rpx"/>
  <File Type="OPT-DCP" Name="fls_opt.dcp"/>
  <File Type="PLACE-DCP" Name="fls_placed.dcp"/>
  <File Type="PWROPT-DCP" Name="fls_pwropt.dcp"/>
  <File Type="POSTPLACE-PWROPT-DCP" Name="fls_postplace_pwropt.dcp"/>
  <File Type="PHYSOPT-DCP" Name="fls_physopt.dcp"/>
  <File Type="POSTROUTE-PHYSOPT-DCP" Name="fls_postroute_physopt.dcp"/>
  <File Type="POSTROUTE-PHYSOPT-BLACKBOX-DCP" Name="fls_postroute_physopt_bb.dcp"/>
  <File Type="ROUTE-METHODOLOGY-DRC-RPX" Name="fls_methodology_drc_routed.rpx"/>
  <File Type="PDI-FILE" Name="fls.pdi"/>
  <File Type="CFI_FILE" Name="fls.cfi"/>
  <File Type="RNPI_FILE" Name="fls.rnpi"/>
  <File Type="NPI_FILE" Name="fls.npi"/>
  <File Type="RBD_FILE" Name="fls.rbd"/>
  <FileSet Name="sources" Type="DesignSrcs" RelSrcDir="$PSRCDIR/sources_1" RelGenDir="$PGENDIR/sources_1">
    <Filter Type="Srcs"/>
    <File Path="$PSRCDIR/sources_1/new/alu.v">
      <FileInfo>
        <Attr Name="UsedIn" Val="synthesis"/>
        <Attr Name="UsedIn" Val="implementation"/>
        <Attr Name="UsedIn" Val="simulation"/>
      </FileInfo>
    </File>
    <File Path="$PSRCDIR/sources_1/new/fls.v">
      <FileInfo>
        <Attr Name="UsedIn" Val="synthesis"/>
        <Attr Name="UsedIn" Val="implementation"/>
        <Attr Name="UsedIn" Val="simulation"/>
      </FileInfo>
    </File>
    <Config>
      <Option Name="DesignMode" Val="RTL"/>
      <Option Name="TopModule" Val="fls"/>
      <Option Name="TopAutoSet" Val="TRUE"/>
    </Config>
  </FileSet>
  <FileSet Name="constrs_in" Type="Constrs" RelSrcDir="$PSRCDIR/constrs_1">
    <Filter Type="Constrs"/>
    <File Path="$PSRCDIR/constrs_1/new/fls.xdc">
      <FileInfo>
        <Attr Name="UsedIn" Val="synthesis"/>
        <Attr Name="UsedIn" Val="implementation"/>
      </FileInfo>
    </File>
    <Config>
      <Option Name="ConstrsType" Val="XDC"/>
    </Config>
  </FileSet>
  <FileSet Name="utils" Type="Utils" RelSrcDir="$PSRCDIR/utils_1">
    <Filter Type="Utils"/>
    <Config>
      <Option Name="TopAutoSet" Val="TRUE"/>
    </Config>
  </FileSet>
  <Strategy Version="1" Minor="2">
    <StratHandle Name="Vivado Implementation Defaults" Flow="Vivado Implementation 2020"/>
    <Step Id="init_design"/>
    <Step Id="opt_design"/>
    <Step Id="power_opt_design"/>
    <Step Id="place_design"/>
    <Step Id="post_place_power_opt_design"/>
    <Step Id="phys_opt_design"/>
    <Step Id="route_design"/>
    <Step Id="post_route_phys_opt_design"/>
    <Step Id="write_bitstream"/>
    <Step Id="write_device_image"/>
  </Strategy>
</GenRun>
